arrival_rate,service_rate,num_servers,avg_wait_time
8.250957637995668,6.4921218335935444,2,0.1711306905428231
1.0298916403715366,8.382439972648925,3,0.0
8.816297151220622,5.075510231114091,2,1.4425090233347606
3.062936372474703,4.072235609797224,2,0.01647035448305695
5.168149013093513,11.416302238832756,4,4.653548657933345e-05
5.226109622085138,13.69828259401099,5,0.0
3.568278299103145,10.201770603492124,1,0.12121036508471915
2.8248926739882894,11.091430706273341,4,0.0
2.6017494650966944,11.484142736634968,3,0.0
9.70156753545462,6.8500772347767995,3,0.03206690037553823
4.103192727802785,13.125252474870013,3,0.0
3.0223811381776318,10.544728974315221,5,0.0
5.451067207096448,7.498514642842612,3,0.0008381146480955262
3.7750346389501095,8.503206776615347,5,0.0
2.8372316073230186,3.7760860367904594,1,0.5589110962682587
1.2877648403363935,2.7673572187038618,5,0.0
1.7740594310778317,2.1181150773175625,4,0.004249593933394292
8.093203639833963,10.213832501893906,3,0.0013734683311491034
9.25189668638834,12.459563202845981,4,0.00010493814831273018
2.0012948069344065,13.862416266197831,3,0.0
1.347793043249215,12.223426454312671,3,0.0
3.8299729249540526,13.726842541892466,3,0.0003533421500876616
9.213304918991055,10.377102020570923,1,2.188786537935606
1.323569655477349,13.057017391497117,4,0.0
5.367235309465735,3.5079467288152957,4,0.00505300492301286
8.113317190853131,10.755689714026456,2,0.018427663841355336
9.157108128879495,14.320213654678668,5,5.9462531950564524e-05
1.1137678826727844,4.786687932957161,3,0.0
8.754154588286939,8.614448305115232,3,0.004059628333568864
4.028632457428094,6.338539051707503,2,0.041899928991656704
8.560338520355455,14.810368080804285,2,0.0042100341959291614
6.267951528332851,14.60523991952799,4,0.0
5.117061914049547,2.2680728037952065,2,3.4511745185659293
3.7951365353660225,11.663033040094465,1,0.042323698060758454
6.389387279160057,2.6883415486732862,3,1.0834110405609045
4.950967745470483,10.097839297344585,2,0.00580456096357567
4.386475499675472,3.180839092177982,2,0.10833688269923636
6.710234692739936,6.791648190042306,4,0.0019773998510231026
7.237404437215347,14.070131248011478,1,0.08802296780049029
8.493594603128237,13.963367503496311,1,0.08656836681869924
3.0979281552829656,4.4785914043866235,3,0.0008137699210222778
9.43267942578192,6.733601736398492,3,0.010850115096846977
6.374930908492664,7.560277521821452,2,0.06354817312850751
7.469867207747185,7.801982519222862,5,0.0003084662163034635
2.9741859481882096,4.22054015210224,3,0.0033356013255394236
8.781864687957786,3.6194819281237933,1,15.10491042359587
5.518634834079835,3.242596443039594,2,0.5642336825464801
1.773713507666456,3.5098263847066327,1,0.403569241810878
9.326992452799074,3.816115563333008,1,15.900921616393818
5.065121333908264,7.181709116375536,3,0.003138219753924438
5.6648272230071655,7.709206024912511,1,0.23856032760353083
4.272530003663691,13.17913877606024,1,0.0464800359444401
5.240130190651713,7.886133394338083,1,0.18150538978015615
9.916689474699087,3.186070766049026,2,8.085698428471844
5.0986823246386965,3.34614007010593,2,0.36404088294098963
3.6453727396649134,3.115413406361697,1,4.72047812781975
4.981671908988771,9.262187981520018,5,0.0
8.188952828209613,5.035950764141084,1,11.285107043848516
4.366858157644159,11.389345086063047,3,0.0
5.841853137325215,10.97688318543528,2,0.0065517229626130625
3.934175330210134,7.112425931646116,3,0.0007236760590565898
8.161686091183547,7.860244758598424,1,3.173597805297416
1.0707021293275278,13.266812642351491,1,0.0016222901714749228
6.497510581196163,7.1804134597224625,1,0.6609081363023277
4.060377773805982,3.143615419537814,5,0.007188149390539207
1.5939391942590833,2.027410355460124,1,0.9621123493387035
5.707766827433299,7.364217255275712,2,0.020064754942117163
6.269543800270753,2.3830902015851616,5,0.009615969290163609
2.268468063152898,8.633507148086208,4,0.0
8.897433825797899,14.924015779215397,3,0.000226730887079725
8.076362283535202,9.371410699940348,4,0.00018519551177116871
6.742264983921115,14.022814009313679,2,0.005206258611832316
3.490184161058817,8.982491760680668,1,0.05736141453704812
8.122503441346701,12.201006852748469,1,0.20753026855774787
7.5423022456221105,4.341547902608611,2,0.3133882277498024
4.7261564854446725,13.894434807639493,5,0.0
3.8683256441611493,11.469297331096541,5,0.0
3.1120957686595867,10.54732613137078,5,0.0
8.86418378836547,4.320326368755508,5,0.0005634883902879769
8.36157376634289,3.753188081401514,3,0.3977693946508925
9.862828543355494,6.0204857200780175,4,0.006438973204276477
2.0599899974387066,4.046586509573207,5,0.0
8.186004900399027,4.489543969129729,3,0.08766842752425112
3.8414680154415732,7.800946225248843,4,0.0
3.3258640577462453,14.050320893428513,2,0.001868857286940269
9.285229204211655,4.654358288773439,5,0.004299259491009853
3.854046929823127,8.851831903488016,3,0.00016258316262569977
1.0380132297549867,12.867257313015001,2,0.0
7.39253505759195,4.9573738689836055,5,0.001250836890366433
5.029393462794117,14.1840644887215,3,7.899205303325488e-05
2.8393959091210035,5.289522573080285,2,0.020013323031816386
6.6395216279015985,6.925358861495517,1,0.5021801896713942
5.953577412268682,11.640069481535754,2,0.007570426852952243
8.546788216584062,12.801394527133914,3,0.0007208350294244573
4.899525436619315,5.918613417876838,1,0.5463645010574724
6.387468658358478,14.317688185557797,1,0.031546043713721
5.092082020576576,12.959547872038915,5,0.0
6.992430808785869,7.1650834528004905,1,2.842263830494805
6.810027333363274,2.8294373498711307,5,0.01637179749209192
9.23146172733415,5.941040680404977,5,0.0011948215497374112
7.986138535316423,14.334897579802787,3,0.0002573726644421921
7.953101484341827,9.619756225367537,1,0.5761370966122576
4.710148306380157,14.37697328488272,4,0.00016258049680056862
8.187647927114806,13.673763685278034,5,0.0
7.684391063519291,7.403184057011179,3,0.008232535992448942
1.247539596585718,5.340285466562143,5,0.0
1.1140986966419026,4.065523735183874,1,0.07986346769273231
6.884902961426825,12.877030861617046,4,0.0
6.376073496868337,2.312827597681265,3,0.24001582751741093
4.825213880895914,2.772294739960853,2,0.5053503635270957
3.3029488729712897,5.0687150996636365,3,0.0022486287275069444
3.6052724241270693,9.62745844645404,4,0.0
3.8061130934518568,12.645809778223711,4,0.0
5.95191897787665,2.215161081338124,1,15.547551385435058
5.744401108908386,2.717650373549869,4,0.08261276903572239
2.6617828150849716,2.046112034027938,1,4.067986773971014
9.19276719910686,9.637110702751006,2,0.03229774602834094
3.9671867285442888,11.41325452681016,4,0.0
4.075570757644623,14.404869965434683,2,0.0011119595996570905
1.7412829363679139,8.493237728472202,3,0.0
8.661157108189002,5.235150002695393,4,0.01421954504000035
8.965510563932634,7.637742424859809,4,0.0007489321411872374
9.842780069778854,5.703680521291103,4,0.0061067261198954675
1.079324076143048,6.953744712052064,5,0.0
6.5202562746318975,11.60877855720147,2,0.006606409483424177
5.15239706831395,6.628472941449755,4,0.0
3.4303573688567144,4.317877687124544,4,0.0004876578389432969
1.823820891745185,14.499822573418182,2,0.0
3.366408064411895,3.3617935955380616,3,0.04476742215561898
4.79450239089959,8.620140748794602,4,6.801305730061435e-05
5.034034497928175,13.890474651887523,3,2.5346846826326283e-05
6.641018463063557,8.326443642362799,2,0.02526828332948615
4.028141973276149,8.612212755733267,2,0.008830538667972884
1.3149093871941646,13.336874686452798,1,0.012109015315653346
4.176380558988917,2.55582278294224,2,0.7784103406940946
4.840332820264325,4.915863591991066,4,0.0006263095931455806
8.524409676693871,5.244123339803302,5,0.0007365180940127547
9.389508063259646,13.467183031545344,1,0.2941519721962374
6.303647872429394,3.2870744455956062,4,0.030447186907546636
6.455080067243552,10.14879120163021,1,0.1303783924254596
3.8896278973975447,13.693209281590061,2,0.0025721011467383956
7.723628202568317,8.850984089725996,2,0.03847678266341349
8.42570407315562,5.542826677446257,1,7.6275849134076665
6.920438456141853,8.66426146390166,2,0.02742183534458982
4.043407319576254,6.000628638832271,2,0.01610474517697433
4.977576129774602,2.746490971072795,1,8.525762426393328
7.146823901676363,8.023514671121447,5,0.0
2.8585406140781915,9.858545245800038,3,0.0
7.505741839791113,6.24046144168784,4,0.0016251158521499737
2.4710059016405346,7.023171810559177,3,0.0
4.204614243171834,4.7896685691046805,2,0.03389245688763589
9.601974010655582,8.171751559612828,5,0.00045048081656122354
9.210528060474896,13.59294603843195,5,0.0
3.2631776363916782,6.323584314739493,2,0.0030462885785962316
4.472576339103392,13.486483719658517,3,7.271354706480323e-05
7.471143126298016,6.17076619107162,5,0.00019625446688792219
7.655509423646979,5.479544799636758,4,0.00042310441069637843
9.100781496983707,2.0495213688284903,5,1.3641230546899898
5.552216003225704,4.20298755350062,5,0.0008584959079593476
9.031349394929943,11.13066077938468,2,0.018778377184943008
5.805869303670922,11.623648041865618,2,0.009270743851508466
6.951017724631487,12.422437749811849,5,0.0001657510848117917
9.500292536928805,11.897177896969131,4,2.9947729835573842e-05
1.9588211615914075,4.585764462266516,1,0.12588189561759483
7.451645885797106,10.643349091051801,1,0.17363834410458742
2.7007407605617284,5.784172538821148,4,0.0003673314316155449
9.66634008542341,4.732842307288539,3,0.15446702041037844
6.594482507183231,7.312985570929162,3,0.0028260790237335403
5.7535384409893116,8.714646454352788,2,0.011247938875509615
6.12954671250978,6.052388027042188,2,0.0460050218443589
7.909487673982815,4.004001810491826,1,7.868522914224667
5.734018718546168,8.585472244936728,5,0.0
2.9466139670370417,8.844851408643276,1,0.06920565816415265
6.445419779381411,2.4025582411287463,2,10.208948013646665
4.686865894043322,5.303424177591492,1,0.5937078792764002
6.709414148950862,14.93794666275452,4,0.0
6.16836987621964,11.458130328268322,1,0.1631039617508417
5.488194717163349,10.857666491695376,1,0.05797316249374979
1.6354093611922624,10.05440214413803,3,0.0
1.336307003882491,3.8281078532390937,3,0.0
4.892201182161614,12.569929450197966,4,0.0
4.772198794160332,13.6631148833215,5,0.0
3.6269526625700657,8.67529590636967,5,0.0
5.223354390520767,9.058848584336769,3,0.00126803081402404
3.2010821981418927,6.633282921919029,5,0.0
3.5085404281738506,7.794935894910925,4,0.001055490599244767
9.756415915958328,5.447494767964044,5,0.0035228621512142766
3.1142228501140576,6.74752315995586,3,0.0011353376562187934
5.369092335995773,13.071080890101387,1,0.03881946908698823
4.146065361223413,13.847922387099318,2,0.0015533323233885544
9.96624751683031,6.657387106372948,4,0.003005619445893973
9.733794310363383,8.30255935481916,3,0.012029448040603114
5.14745150995491,11.303030859813866,5,0.0
3.93516662992037,2.0159270783334136,3,0.13572994246028192
8.656652791320067,2.3923533005996824,2,12.008658069573109
6.3853919959303855,14.32119549495262,4,5.4415106748839646e-05
6.920631965436355,8.710242326251228,1,0.3154187742519988
8.50755039493129,5.666933762752131,5,0.000419494140216274
6.896456927430288,2.755766788221269,4,0.10013518688614684
2.3593492856711356,14.270724300272946,3,0.0
6.018707787354589,3.3001001000364365,4,0.01377048237479378
1.9647804031902898,5.850444952143972,4,0.0
8.299493570498077,4.747052605450888,3,0.015372761905584986
6.870313706742983,13.955558995435384,4,7.338757563738264e-05
5.159107412348182,8.127454478453295,2,0.010308703279981513
4.804027254085519,2.0815909390188416,5,0.011428567511493392
3.634000615323716,9.922826064061192,3,0.0
6.037389486996917,8.071078739766996,1,0.21649544247056984
4.314653421190683,5.399297640959094,5,3.176025766142881e-05
5.869680998395692,12.678247612035362,1,0.0781612955174027
3.8341836572243118,12.243746932130291,3,0.0007637515660262775
1.163498642204393,12.91709648511992,1,0.01580639845246047
1.6656420601458661,10.16962912906242,1,0.004829671195078769
4.287737788206492,10.206851846942081,2,0.004476247358174967
1.8044196877584016,10.81456686097014,4,0.0
7.2295797676873725,4.992933884071428,4,0.0038613254050480863
6.880482525596318,5.711120506980763,4,0.0047440820678692494
7.718754036181782,2.99442486002487,4,0.08241412962818477
3.8866460595894443,14.461189913633119,1,0.034646992856739625
6.395448915339285,8.189054724120998,4,0.00026683377664518405
7.800030474904914,13.566882448625535,4,0.00015249475296547744
2.340211282958994,2.828225435642235,1,1.0309546572209285
8.503798519862997,4.603474994506361,1,13.885760710353008
7.366805349441216,4.401599931664176,2,0.47593765056461607
1.5971680889057613,4.882850629286736,3,0.0016573061075092156
4.185306754922141,10.267716198598839,5,0.0
9.42674422452228,4.137798392723305,2,3.816480079727876
8.991244311712487,14.9153314934574,1,0.07102750201439258
6.439833142317245,10.233706380426808,5,0.0
8.812447382790706,6.254415948182831,1,6.626936080924084
6.264856904864443,2.407768366214634,1,15.65002824543024
9.640467317592712,6.848169839562542,4,0.004158248280641217
1.7997694629683105,13.698649500723532,3,0.0
7.886156672844725,7.017488236300948,2,0.056960000016266644
6.433866020530533,8.907286433603858,2,0.01384810256662172
8.22224085351716,3.6147515333876763,3,0.3071321926147308
9.106722504156519,7.042246872941663,2,0.07735545513150853
9.356747041726837,2.4579062489559167,4,1.8879728855992262
5.777324922786543,4.094090727220113,4,0.003055833207671536
4.71724619127827,11.37922784549584,2,0.0019377689023615775
9.493370383538375,13.578399226484049,1,0.19179255762030367
5.481391238149848,4.058166264307823,1,7.440738160705048
8.15023141283809,11.077060834514052,3,0.0016762073363573858
8.183566968385055,10.956905669175994,1,0.15726484910011362
1.4186242298994922,10.232001492946466,5,0.0
4.743319449324819,2.3894091653805307,3,0.08926323195273098
1.4806649481861514,12.119089295912175,1,0.009073839907605262
5.012365654945404,14.332864580297564,4,0.0
1.0037038721389706,10.11596599885568,2,0.0
6.022515343639368,4.637729497375911,1,2.1108553109474726
8.351744322292813,8.353520166832638,2,0.03229020038559815
4.524246521557334,12.175896137975597,5,0.0
9.527139467967801,8.576285015554316,3,0.003079225440202948
7.890509730791106,13.937749504644628,4,0.0
3.8968470884096913,10.959411944352233,1,0.0537749911117329
5.511455906955036,7.738311851028152,2,0.012902633889500784
3.1532571265266545,8.28319043922107,1,0.05420390229718709
8.950876656939506,5.295056534239862,4,0.008903263658014185
2.611269067835919,7.210662133858899,4,0.0
4.285070834571756,3.086752235973289,3,0.029902560911422755
9.150989531551058,4.6068599144313165,3,0.1416873266042551
7.004381786454592,8.32608589825779,2,0.036983099880047235
5.28844352699695,14.208693063586384,3,5.770445896213043e-05
4.959600183418798,5.271014401142072,1,3.02902403723019
4.206346249662413,12.816895462726736,2,0.002384850046528044
5.621456795840528,3.917031268093816,4,0.006679530768390344
5.037303442159499,13.866019612587928,3,2.1829103986394477e-05
3.10297489745063,3.843277139272682,5,0.0
2.8654594749997995,14.639929563503063,4,0.0
1.6624266304595845,13.653142177339575,2,0.0
4.356770150949741,2.3064994624911077,3,0.066417478877512
7.999923680722448,11.71465458349007,3,0.0005321322685984224
1.254200769104378,8.902805960063734,1,0.005890606446272488
5.093119480253038,5.406674181053477,2,0.03727605007250816
9.739146577068716,6.407747546837331,3,0.04087958904467638
2.749421687528072,13.269086213237603,5,0.0
6.74636334224923,4.945530130220468,2,0.22360917562656912
3.1083004415563016,7.358482142685978,4,0.0
1.0798286980626575,13.630177616742712,4,0.0
9.29319370217238,4.743035445367472,1,9.919860905115133
7.702985251494024,9.975958969012506,4,0.0007373980982943917
3.626277326326634,12.626768049725602,4,0.0
1.1600466097315105,10.518939900411862,5,0.0
7.898218036680635,11.456162707467925,4,0.0003620685012683299
4.336375783065602,4.887507735324311,5,0.0
1.5424568889920245,4.366047424895125,5,0.0
9.91511095632428,10.286277331487113,1,0.6119808935321794
9.596357346161994,12.744612851446208,1,0.10808712182240186
2.886987112004687,8.495616967624795,5,0.0
5.737108455744457,10.43707729064237,2,0.0038237468960944944
4.225027734231506,10.997198493960777,4,0.0
6.192445970127201,4.074083569725233,1,10.534069182758062
6.1605384699378964,8.718054228820542,2,0.024499743304608336
9.731586846806323,4.277748264165046,2,2.883276978806559
4.006748598065365,3.1370741058848965,3,0.04996730137839653
9.040304062867166,2.3216310010412258,5,0.2636083284841237
8.39969873601753,13.162296341553105,3,0.0008488518172048634
4.2797275864227675,8.35019760327885,1,0.09689607491756357
4.318425954371,14.27611374571947,3,0.00020961875585802166
9.45769982525018,5.70071482796428,3,0.022077488446387093
5.683960212331582,12.75829088716874,3,1.9031669728332347e-05
2.7196355312497458,2.5621092472363127,5,0.0005657251805421796
5.89350419180622,13.064785098164853,2,0.0027861278929334947
4.157347875086616,3.213876054523521,2,0.13009280850690058
3.81688818194833,11.139725981370534,4,0.0
1.4683963438977121,6.688219021047731,3,0.0
6.0049602813973015,6.208722834975648,1,0.3957403137361047
4.53623423918012,13.279507587046586,4,0.0
8.817584090740908,7.118147537147446,2,0.09161507037400364
4.734205061628583,2.689715664955799,3,0.06258688228985629
6.80357164604276,10.929388995930248,3,0.0003110785525124281
6.625341006213953,10.42345908216056,5,0.0
6.240828758986729,14.01848378503366,5,0.0
7.123933960291989,5.299808169359398,2,0.16555225243615523
2.5659043871506153,11.64489415537548,2,0.0009281081958023406
9.419290700100973,13.281122055403705,4,3.704351781148472e-05
7.907294410837471,6.318091187668138,1,5.459632007929203
7.424388453830636,13.28866473652946,2,0.009566954397150936
5.921142450059305,2.1162615217644665,3,0.41653297412291584
9.961503641795664,10.401451246125172,5,0.0
7.012591678030045,4.490495283963611,4,0.007420016841796516
5.493826045358454,14.700768542317741,4,0.0
4.258667465018168,10.709625912413708,5,0.0
1.453701704348552,8.867110588274763,3,0.0
5.2976262552236495,10.919089037408224,2,0.004405282008345716
2.252049999978663,4.920491689805161,3,0.00043426964666873797
3.819521235709444,2.9172358746176403,3,0.06158737367923419
2.9414393785628303,9.949504501234697,2,0.0006163634795319177
4.774770420547378,3.487999069774842,5,0.00017720915539882145
9.274898294945045,8.278782463623926,1,4.422926009423343
1.513895612993821,9.57948127576935,4,0.0
9.259366501359036,8.08476358163043,5,0.00021784002648021566
9.123351051955362,6.619037843554024,5,0.0002481777516755617
2.766056442511612,9.857059183454542,2,0.0007420485892269895
6.681633427392585,4.342839698319642,1,7.993882102178726
9.566965634768255,8.1753431795406,1,1.962673230753216
4.8729603681109595,12.271365188668609,5,0.0
4.066144531686715,13.597266466833986,4,0.0
7.6490649572653036,4.753117616503898,3,0.039286448206036925
9.515488850073414,6.007304277264112,5,0.00031799706461635115
3.160842919638078,7.477281213037331,3,0.0022647651303768896
5.905352701263889,12.727863270953307,3,0.0005436377107499043
8.158474727126027,13.316109390666778,1,0.10217546070699515
6.42555487648561,3.236369334267727,5,0.0018996167221247838
6.855958090098221,2.978471531337312,4,0.040504683927099244
3.9603261574810764,10.550311369313661,2,0.003181007553004471
1.5344695442127683,10.843829629103402,5,0.0
4.974520898520707,3.018979059120645,2,0.194128717057333
1.979823026297299,5.178323413254557,3,0.0
2.352249902429971,3.5707553413736917,2,0.025206787014922405
3.992597145344143,3.411482255436581,2,0.132753580904411
7.595311651028638,10.705661812835157,3,0.0004261950768453145
8.018651243752926,14.00332324654713,2,0.004958493135789235
6.533611785540928,12.907290695277919,1,0.13856266716449017
6.204466882489898,12.901224696110422,2,0.005960646417027877
2.8932623805267825,6.194932889733069,1,0.15440748596140141
5.431945660111921,2.3873965693568593,2,1.211137256138874
2.37255864936433,4.673306292820187,1,0.2025130548678471
6.68703666983849,4.6019738415597695,1,5.845170595100222
9.026079039990703,4.614102451023323,1,10.110561239048
7.254857801287121,7.305141806287686,5,0.0
7.784342700603904,3.5232647825874848,1,13.986924197744685
6.623281434977029,8.098113812564035,3,0.0022633845869662553
6.143762808876473,5.6607868753956865,3,0.010910348404093698
6.302722159784869,5.533659283931702,2,0.03379229121173342
7.08637829277222,6.4936884943076905,5,0.0012938209472725306
2.9868741016834828,7.326854537439854,4,0.0
5.1807842361167795,2.7113826825042087,3,0.08815389756569589
4.180370851528036,7.165339792835367,5,0.0
7.069841774504151,7.291994585420121,2,0.020245588008146444
5.986591662416281,13.784151789493288,1,0.035467089926209096
8.267012545267214,6.9481225982152734,1,4.626532113995158
3.421481956926326,13.421821287192145,3,0.0
3.618640153531228,12.623629147175768,3,0.0
8.577591517611033,9.293707634002338,2,0.042986654575257875
7.036171576877134,13.17616062784163,4,0.0
1.9761294604945605,14.653422205021561,5,0.0
8.589786838034534,12.308753756300433,4,8.677091511447505e-06
7.595058444020651,5.704639701553111,2,0.0603368412875928
7.09017230945896,7.278855299463804,1,0.472779756554784
6.753155629227752,11.100764193674125,2,0.007555347340773787
2.4344531850926696,2.926799125226668,5,0.0
6.724166716132076,7.915463399492793,4,0.0001502804173005333
5.957221093719883,8.233229241711662,5,1.730423781125624e-05
4.010275202769449,10.779106914426375,2,0.00443388243071275
3.6261579251032248,6.491056488696793,4,0.0
9.07775555386588,10.165045876764212,1,0.630170793394757
2.4104924143063737,4.584789818798605,5,0.0
8.459780678429889,8.28505387907449,1,3.756935078528885
8.089552224463691,3.618863553074381,1,15.10056333517844
7.729629085964508,4.982767757505409,1,6.875228815118993
7.558773418959735,13.544498769073435,1,0.08658739857931377
2.0187163220215543,13.84828366728765,3,0.0
3.7590361310306437,7.074210122791719,2,0.012352432816111947
9.128729495375168,14.222809837664633,5,0.0
2.8614646993649946,4.888195222903594,2,0.021271811994592785
5.5029377690998365,14.464362451802154,5,0.0
8.86193611266769,14.923470488301875,1,0.08380085681864823
5.135562958992301,3.4289262844872894,3,0.053535884196115276
7.045512131064012,6.6473579803404075,5,0.0
3.4851443145420724,10.673097534441155,2,0.000533816534959891
7.9319523137582415,13.882274226051193,1,0.07362192132014113
3.2000988835748454,14.78194883068291,4,0.0
1.6465076198330841,10.809265128198739,3,0.0
8.37994408800607,6.158599857768522,1,5.539325214759347
5.078007296877605,4.51746326289346,5,0.0003460158255688647
9.72403798474246,7.212248906390606,5,4.4492307635505266e-05
4.81904147845143,9.885428192653016,1,0.08628781215661416
1.0335679116873164,8.674254926495575,1,0.03978956117168093
1.4609003543545644,9.949193869727534,4,0.0
7.172941182019869,10.101957084651238,4,6.814295026633119e-05
9.791107606765538,8.595022744444007,2,0.04327809490216216
3.257415846524708,14.321026427108603,5,0.0
1.7589134139652653,5.6042312619184145,2,0.0003698832421456535
4.5685197974944005,10.88408990552219,5,0.0
7.025110682349853,5.559875364741794,5,0.0017167931017233833
9.135709853848738,10.278822107684036,1,0.4326685253455623
1.3783801074562518,8.552007810717058,2,0.0
6.4599988349686726,7.556956548946889,4,0.0
9.161263134039462,3.60318411401124,4,0.020786890875866923
1.4681181809391932,3.537727771693394,2,0.00871060258098184
9.413411197646885,12.40291927316284,2,0.008472925736710183
3.942191224929262,7.218454516090944,1,0.20092153616354544
2.6090339666893803,12.234154563955087,5,0.0
7.824942363442946,8.50797407825571,2,0.030994335815055972
9.804417252205168,4.4690187652327005,3,0.2253789840687441
7.839339199431181,6.253760891568752,4,0.004593519660459791
4.916845455088346,11.164041800327357,5,0.0
3.659040818438314,6.640730616932007,4,0.0
6.539504489015529,14.794066106107158,3,9.645348035789844e-05
4.255835629390685,2.9149266210275613,3,0.0045463954890173006
8.741691567151953,14.021929470925542,1,0.11375516575106528
2.329419610960474,12.533046763301751,2,0.00016916716606335582
1.324793923315526,6.3024404105111955,3,0.0005521888786373476
7.001108431233595,5.057314400976621,4,0.004872066584894284
8.320118462348622,10.207082569011023,1,0.30242078824070395
1.6333386028353836,11.380446954196877,2,0.0
6.666627183606624,11.777591177786018,3,0.0018728465827073566
7.600402940296868,5.430270267914502,3,0.01908375487262844
3.4884434919662537,2.235119524015693,1,8.945818640820812
5.563012336098511,13.728860473831071,4,0.0
3.0668585348460313,2.430725856593473,1,4.842287299922913
8.649948423697612,10.5246063463097,1,0.16677726094831716
8.513006376525965,2.7293990671795507,5,0.050228078154569866
2.840660695514663,4.3810574061843495,5,0.0
6.928165026133323,11.400603980582375,5,0.0
8.02616242954648,14.860337474424448,1,0.08534133862457234
9.828607849358495,6.789049298489379,4,0.009830586933902628
9.33187050722864,2.041238135940767,4,1.192501995294762
7.250541781670798,9.230281175769111,3,0.0013243621794164692
5.636245280068444,2.115190831369118,4,0.1542633375463363
1.2412035866799604,11.667928575063616,1,0.008751105264314826
4.066331084319173,8.079725436801585,4,4.7641851983684394e-05
2.44175965840798,5.030010235386156,3,0.000423374133814098
3.248162840266455,5.426464650392248,3,0.0008968869814238199
8.0567714996949,13.03910999540306,2,0.006682756969429427
4.85641254077931,7.3113377465246945,2,0.017439985290268103
6.6530105557591,4.930313910275949,3,0.01917234487500109
7.647257818456766,7.902369771865879,1,0.3703485106079406
8.716601555862322,4.389919383984831,5,0.008464330781319035
7.451811888359332,12.601607290002397,3,0.0004416654160039165
6.299733507197529,4.1342884026625875,1,7.222569613885563
8.672299621948785,4.902701673506389,1,10.462143914158151
9.093210599145127,10.151699032514777,4,0.0005063466424989905
9.312617495544723,12.056663158192183,5,0.0
7.041547118772449,8.383522621312192,3,0.0064014184027805674
9.786890274050984,13.440866211243916,3,0.0020498770159604073
8.404793221995662,5.932622285755928,1,9.039366239091246
8.664196062149609,8.145986676739888,4,0.0011520703332261678
2.5922140253393193,10.443359495179344,5,0.0
9.075578959515227,10.49363898190242,5,3.9949964035735524e-05
3.9200979926288,10.367120446538754,5,0.0
2.889816765131811,2.047349296335772,2,0.2067057646105574
6.857272581010627,3.3239858215954117,3,0.10279303372328621
7.653395891423095,3.796522091725876,2,1.8582418042386812
3.627814901632804,3.154808730082041,2,0.08632507153005285
5.754507696288885,5.846805646508902,4,0.0010204724740732066
3.0535049819859306,4.529316132693254,1,0.2615646737462942
8.996697801273037,11.034641546582877,4,1.8690192895322757e-05
2.066457135897712,13.225351973623098,4,0.0
8.471688513944885,7.303735486331114,2,0.0533712031276825
6.866558169421846,8.787088558445053,1,1.38497893075256
7.874539992669815,7.589205800214439,5,0.0002255030550675077
9.257361141664662,5.537393310963775,5,0.00023555707308304378
2.611777000804184,12.512777619076168,5,0.0
1.759709944461827,3.2998139152434938,4,0.0
5.423921419366655,13.58148271541987,3,0.0003375414288908342
5.303892323331364,8.926337359364364,5,1.731601915238912e-05
2.8893318886564305,10.706511661924056,5,0.0
6.623902963862972,6.020162203634938,3,0.0069889585430474065
3.8242095547790678,13.035768012126653,1,0.036969248250665256
7.961428677452503,13.33027927416596,2,0.005178871468731422
6.526837844648014,6.431302943367309,3,0.007400619871026473
9.036976105911577,11.082245291344035,2,0.02083535914378167
6.37852617337402,3.5477800670701933,2,1.0782914376779869
4.017467169991713,12.14137410051828,2,0.0025018851562583215
8.685103737757498,14.932312984799841,4,0.0
9.440026039615589,9.153020198737309,1,2.058913464131431
7.584135674216391,5.9195056910222625,4,0.003958212324000019
5.2321685349019535,7.564097210257057,2,0.03836902197888817
4.027618985283473,14.749228620928363,2,0.00032618840456276387
7.793688238719002,3.64310350274185,3,0.10413718282489781
7.678585606991329,12.874516525169511,3,0.0003627733157970218
2.5097178278298724,7.94002663076478,5,0.0
4.43519572278423,6.248791948689954,5,0.0
3.015687342424593,11.61452225535457,2,0.001426325291931675
8.846984080416457,5.179830549978193,2,0.3545394736721391
4.436849500283321,8.13372384650394,5,0.0
3.611716053728264,8.23633809517261,4,0.0
7.4322963344098465,2.514322521205552,4,0.1614167545024825
3.161938179181208,13.9573023689515,4,0.0
3.0633711528966563,11.933374035162887,1,0.05496712517551369
8.930816698549613,8.747783744064593,2,0.03424763549407088
9.692230386251875,11.639435600281004,4,0.0008456633841934244
9.444553802272065,3.1614174113908997,1,17.880919328404104
2.692165816544203,7.554247769984872,3,0.0002791343629662223
4.258270232683751,4.212184822263717,5,0.00036900756383730283
2.9890699888450643,8.004966703032597,3,0.0004312496362153049
9.048894319976275,2.6798595952099573,5,0.07584305555889494
8.191676318862562,4.84943773487713,5,0.004554614285033668
1.0942616094659905,2.1783296835529216,2,0.03617144420652891
4.7584731115396846,6.070790237767433,3,0.007542511298613278
9.545515738188541,11.251337677531136,1,0.37973591330952483
5.115806593367268,12.80413518545306,3,6.219118353928452e-05
1.9788421290293017,11.986349790934138,4,0.0
6.523347515568456,3.855326001393488,5,4.7655842973341626e-05
3.0237125389589994,7.4055918145628645,2,0.003552932442439001
4.820580616309488,3.9690630995338996,5,6.653833145055315e-05
4.7521708583717315,14.570399645567743,5,0.0
9.207135766685276,10.563589130310744,4,0.00038162344549411647
3.509462668326768,10.429571769182637,3,0.0
5.2504780688164185,9.95045048803898,5,0.0
4.377822141077479,4.520826236240831,1,1.3967602418936007
1.9455845051675698,9.44214040637601,1,0.03366701612743377
5.580283550449215,8.948365339226191,1,0.2507233045215149
1.5384902087420054,2.849711613602971,2,0.08196755727626522
7.941651551212317,14.315710169998903,2,0.003511355693107777
8.981663781644556,13.703432179335415,2,0.00799413064290353
5.38636572818322,2.966337506656025,1,10.84895026441063
6.416181393931529,7.3267743565563554,3,0.005135193022416696
3.518582545430996,3.8894002010607442,5,0.00029032496843406363
2.9008163506334816,5.904786557056048,1,0.10306888409828172
7.305310965197699,5.422455212082458,2,0.2035820709748667
2.4748215464661407,5.051220628524037,2,0.013466734957723993
2.937091751976708,14.011956426409473,2,3.2372089058666055e-05
5.094461422974524,14.044091585505113,3,0.00012033919772495673
8.76577282890599,10.22165718193615,2,0.01538668004437453
2.181915923708346,3.2993334115254735,4,0.0035204086271160544
9.477009947626808,3.4167031093726274,4,0.07517197602483139
7.113944264095949,11.101019314979464,4,0.0
4.02189798125704,8.262226288038455,4,0.0
6.471213184220186,14.706909519256305,2,0.0029253732133859367
5.370004562900817,3.35814407982704,4,0.01563307216119954
8.419000931101436,9.971425052271004,5,0.0
6.119065350156611,14.022798714204269,2,0.0024464740156301948
7.727860047486197,11.154007211272763,1,0.26474440196359406
3.8949371391215224,6.4114702344643435,5,0.0
7.058719466817052,6.170567928706868,2,0.08166906067370353
3.9298342760673814,7.382870858486491,1,0.1441651174846467
5.831821347206863,4.781956637724392,2,0.06482890759587456
5.918526074124853,12.592847859204765,4,0.0
6.08547571760642,10.068553618714136,5,0.0
3.6339376418307934,10.111340006219393,4,0.0
6.245036689773666,2.0839421663925757,5,0.07260165194652302
6.1276696864748255,9.656392044221683,3,0.0009939821907635072
8.904475381808561,3.8427237953681,1,14.683106392145264
4.341855190486722,8.807870887787502,4,0.0
5.460801239042276,14.930458936558994,3,0.0
5.5042944337322295,8.322602592078098,5,0.0
3.9955316645673182,14.428534456255461,5,0.0
4.056041639416334,2.2824364242852946,2,0.580315568271397
1.156869366791457,11.74021706373583,5,0.0
4.381687846609976,14.566514503067859,5,0.0
8.959248112106367,8.792405556960905,1,1.9202692118073998
8.804133942926736,5.223241193258428,5,0.0015337499016941098
3.840831935502764,8.28426879746699,4,0.0
8.493178473610518,13.295085363419357,4,0.0
6.2688780723347834,6.861516950536033,2,0.048819268722542164
1.4838288872015788,9.150891970165375,4,0.0
9.520658723143116,7.446133916108779,5,0.00015325873720897155
4.176919995314542,2.6656518108301612,2,0.5045750879882273
2.9983597157739164,13.498057924854333,3,0.0
1.5926365153683952,6.704262981791267,5,0.0
5.962651737565661,9.965559580796285,4,0.0
5.341120069894289,9.085638953193655,2,0.013938405175055036
3.5404174539946984,7.60848323453416,3,0.0
9.08183394926535,12.074941023523571,4,4.6845331862084535e-05
4.588617128763001,10.061779833985236,3,0.0
6.3619536410004915,2.035104970629475,3,1.8600672221507242
2.182754454264588,8.114701658695216,4,0.0
1.6284278965655568,2.6765656214728653,3,0.001231163939251212
7.750660441978984,5.010727075349286,4,0.004161677433936512
4.882492355024395,9.943837358130285,4,0.00018137159820429157
2.194259202235033,14.639869778190276,2,0.0
1.9487111703419866,2.0539343894235564,5,0.0
9.486003058910441,13.431135713677122,3,0.0010123449298438114
4.752108501914272,7.577090048793584,4,0.0
4.15772975112408,6.337115438480067,1,0.12491423961706657
5.873511563066583,10.574997107335378,3,0.0004778212266792821
5.633005161530155,5.02643967936258,2,0.06911426880262471
4.557225318622138,2.2333832686349493,2,1.9629190322278978
1.1812336179228276,4.593603804132111,5,0.0
5.123993392136651,9.501543022321137,5,0.0
2.9419508452560343,12.112045675614139,4,0.0
9.084709765362499,10.652794792843597,1,0.47732653902273076
1.439576813416549,12.868132178457996,3,0.0
8.957814227826272,9.626088745371453,2,0.05101349216166986
9.640885598797441,7.46589585861781,2,0.08208866247927661
2.306755185038878,8.98905870434115,3,0.0
9.782941024788165,7.689571282152837,3,0.02035419702536216
5.042083687564548,3.3106276689228036,1,10.131261973413938
8.734087687781292,6.501395703062561,2,0.08959394034190003
5.190428335475161,2.021279802855072,2,3.8637445143302496
1.1344649300505765,5.4780203901967575,4,0.0
5.048294198575159,11.614017353106814,2,0.007551389815547129
9.747339402351047,13.110770742456673,5,1.5144922226718977e-06
6.870427741964439,4.8781879688557375,4,0.002106399196118553
4.037980146944387,3.0066998180820868,2,0.2552674238525318
7.284181096087302,14.862030379567509,4,0.0
2.5146442979658916,3.9618208712139436,4,0.0
3.6031169837887322,8.05588896314449,1,0.07938665902604738
5.412369160684246,9.906111974937598,1,0.10052811008130075
9.503767395530453,10.731770828574945,5,5.558312970186168e-05
3.4650138902334273,2.8363583254963887,2,0.0756702580114579
9.929012293847876,13.100960519212364,4,0.00024211026816186486
3.6621100214586577,2.6265689133878714,4,0.02562032073369929
4.376183965445037,8.62070676776283,4,1.4923964930667135e-05
7.308362730033281,10.226744401575626,3,0.0031531981485575862
7.314425529580488,2.9650696213362027,1,14.411074928942277
2.100037231525286,2.015344434531756,3,0.023654557931227088
9.686031934567485,8.439847178035501,5,0.00012235526753588317
9.953982205563968,8.220917689704601,2,0.06063121691659199
9.237758891574204,8.18727624244703,5,0.0
1.3426166341813515,10.062110802475967,3,0.0
2.9861766437274992,4.10559312787178,2,0.030992915243285735
5.174690869749367,6.0501767816510315,1,0.4767422107251209
6.634386809873664,12.17609303296289,5,0.0
7.944199906120874,10.871436796086206,2,0.015848833092064897
1.639154270487782,13.682638518912363,1,0.00992185415615193
6.406186843854905,4.471612579324704,5,0.00028812218213124366
6.238067014179738,8.149439967597763,3,0.0007825546653963537
9.388403412694105,14.30623967398761,4,0.000111764247199084
6.703022158882126,9.11117278088727,4,5.685950518953289e-05
4.841564515126599,13.163350247478263,1,0.04399340230401224
5.020216049225042,12.333933941129395,2,0.0045793655966168785
6.537791234322793,8.060048574476262,4,0.00024001263034447505
5.774851702866621,5.853265540551524,4,0.00039440639922286514
1.8356088315884191,4.115038125424323,5,0.0
9.377578036177454,2.0245307082539314,4,5.049824740400314
6.106872022381695,8.609014836309274,2,0.00921691308702277
9.740811657383297,8.92886075533525,2,0.0770377164495254
2.928402293748007,7.086695320133024,3,0.0009875345888454789
2.213960153089732,9.146564936920974,5,0.0
3.191235820140588,7.071363484334984,4,0.0
9.132061049789602,11.530417780817604,5,7.633685238804243e-05
8.701148410440918,2.996279986611296,4,0.1555929872561024
8.970351925948517,5.2706027457884,4,0.004612771525181845
7.199584240225847,3.765692854088493,1,12.828275876197523
7.825366104187299,6.067628494722484,5,0.0005825680183860059
9.579576359578617,3.0972201143107516,4,0.12061889296084491
1.5285879830173887,4.623481963447593,4,0.0
5.933969284675507,14.05508305282929,1,0.062213750320479835
5.945401764893222,4.705742472413824,5,0.00023306223451448346
4.723969206064355,5.770143092191289,1,0.8213340072136331
6.042450064904511,8.537047185939674,5,0.0
7.529400461514626,8.778404385877401,1,0.6251138742127892
8.597238884018248,10.512021006014004,3,0.0009345515791737505
2.1382802170597035,10.900519137000446,3,0.0
9.231515826800026,4.808930197006295,1,10.253524659545686
5.448153901139302,7.1741093770048,4,3.002510011485531e-05
4.88331834571836,6.85709738499994,5,0.0
8.18390143826933,9.784044420267726,4,9.534926544201494e-05
8.319110683026878,7.9953245285141135,3,0.004187874796814503
6.696776243139992,13.753611346795267,5,0.0
7.208865132307368,14.088336899544279,4,0.0
4.809004505820337,5.5862164423114535,2,0.02271343747445943
5.691481732451072,5.707948228531153,3,0.003910052102103715
5.332389458327745,10.75352551037953,5,0.0
8.966280691408354,10.384320504231034,3,0.003299542805017593
7.533311704439292,4.706055058695792,3,0.029296245661595614
6.715335023146645,8.272330596193083,1,0.735643131677862
4.299112322113205,8.461411501559478,4,0.0
4.515354491683663,5.169058762822903,5,0.0
5.582439244327568,5.2385130361727335,3,0.014281567187588528
2.684617435875996,14.783085409112303,2,0.000212335239624257
4.359230026022419,12.253559584363373,2,0.001478923530580974
5.806318214486125,8.045172586037967,4,0.0
3.8064243446369392,2.296583516095629,1,10.824839837833474
3.902153891792676,9.605115366413028,2,0.003388165330964389
7.5356543268528,7.912268486257528,3,0.006691933180557277
8.626405619568601,9.759530939412592,1,0.3180089315729172
9.063429797064774,5.302383889065395,2,0.5300789892180455
7.410361500597779,14.838229492774508,3,0.0003789116847532271
2.4201278959302015,3.7470431941140334,3,0.01123151266613945
7.9461987831142995,14.577923638647352,2,0.006066621571183318
3.1349751580958465,12.741005238114766,1,0.020975760439265606
3.967919594572978,7.378723513465643,5,0.0
5.774616258083703,8.790600010703269,1,0.1447003242953973
7.011044740919579,3.3677301738149263,2,1.4561975588827432
3.622590436550146,3.2951074814435413,3,0.01747055135887347
4.6805218688276415,9.12548015318163,5,0.0
5.339750592232184,4.644342686845022,2,0.06768701769413288
3.573627114565035,3.312087089488541,2,0.19917396236004847
1.460036610338295,5.064126217696462,1,0.04340822560395749
6.126170198630159,7.095654815668123,4,3.293801255715989e-05
8.827006214654247,11.996690039049678,4,4.246016818315769e-05
1.9543902810741174,9.578971584757511,2,0.0
8.816912068817025,7.6010624564551295,5,0.0004348164757392678
8.252365656289763,8.374818414368098,4,1.7509785628193388e-05
6.431332518785788,3.327377481263455,4,0.01322315625522303
8.693375819061007,9.742429874850696,1,0.448926804911144
9.535479344269078,10.316896407538247,1,0.5074627526109395
2.0765614707396156,2.878464155025128,5,0.0
9.348630083882336,11.259306719704632,2,0.0204035493211129
4.1202129910624805,4.830114747704399,3,0.01656681599455536
7.279949753019731,9.236970447158185,5,0.0
8.684443632221432,9.076716426120097,4,0.00026214708365264027
6.0816306310202695,4.541496977570004,2,0.16865658820511648
3.47313685874619,14.85004207504867,2,0.0036781222734182015
7.4066828388696155,2.2092102989882014,5,0.07317857365719424
7.350830746337237,4.115733012675939,2,0.42647615743876904
6.264640424895855,10.245678002746168,3,0.002728324525864301
2.746265493513793,4.348481828403348,3,0.0044252813844601864
8.5114942691793,10.308808766062002,3,0.005320482468590598
4.219692739830571,2.505192961008585,5,0.010449487231401452
2.6566060035460035,5.87109189328697,4,0.0
1.3972266272980907,8.82885678740185,4,0.0
6.614895135868213,10.132564545231592,3,0.0014660937089222266
6.538041003911072,14.361638377054996,1,0.06417716714595459
1.2068266644451497,3.5396155149121733,5,0.0
7.15134390814343,2.5494630037130475,3,0.6451567375232607
6.268605878599796,5.889823432652847,2,0.07424754488959323
8.326922935015775,3.0181935337206744,3,0.644934085794218
2.805393955508536,12.770423655804858,3,0.0
6.1408116281886285,4.510031455913752,4,0.0031299641955884095
2.767764791740116,14.746552020706153,4,0.0
5.763172216275346,2.2062585587675962,3,0.18644684961770602
4.575920257452989,3.138299221196944,4,0.0033007373019957997
9.924787848222813,11.474342546880266,2,0.015950992061602144
5.5624052470547545,11.940625388496688,4,0.0002068050773937072
8.899789621440952,11.895421510666917,5,0.0
2.84183759271819,7.784202100793191,5,0.0
2.885328559353324,3.965226868001431,4,0.0007028669957765269
9.413763647446807,6.530761507801328,5,6.711206122986942e-05
4.509932052974759,11.821033111505718,3,0.00031715705264588156
3.4113332440670816,2.857275174065391,1,4.300610819088245
7.392567168316403,3.6949091825032765,2,2.4864040859604812
3.4666062753725155,8.485302192381836,5,0.0
9.770230049804331,11.85763051118691,1,0.2522685164532341
8.808540933849088,9.416835143217742,5,3.365994962822755e-05
5.993480111581907,7.289866868189105,2,0.019389202947118784
6.911649608090814,6.512230254514161,1,1.2947152885642224
4.876319750892665,11.536539978164692,1,0.05944498421937009
1.9516741037552432,8.115541704520018,4,0.0
4.7468051604032615,8.79558707660332,2,0.010079421100487
9.793438449828136,4.6556130826398485,2,2.2123664956734848
8.743704215970306,7.882057943715368,3,0.002587903583084136
5.3798497887033445,3.285427891549704,5,4.352139350039055e-05
4.909499528807107,5.510093393927732,5,0.0001929356763039096
5.369870792072936,4.321176006200142,3,0.002011512434930782
4.876307109240113,13.328201439798777,4,0.0
1.4552565509270756,3.9588273301972317,1,0.3965595851144103
9.012673585662245,6.157559084312087,2,0.21382117731623487
9.69720586788556,5.985188461189244,5,0.001894465991615212
2.1145456710845534,2.948313177449802,1,0.5422979756663918
4.94704640437093,10.636774849383707,1,0.10330765803684126
8.880885338412618,3.47852873415792,1,14.805940849268572
4.819058633200416,13.496992528451424,3,1.4373809856902156e-05
6.979876667635738,4.145767682622969,1,9.779119322211706
9.236596470552804,6.099551520750275,3,0.02108675387158627
5.645460393064445,8.929749318743507,3,0.00028592966441655577
2.485936641450469,6.856009535547181,1,0.007910460359066111
2.4448547619766883,13.99895645858378,3,0.0
1.3303519139725455,5.360052267225509,3,0.00018568234617407053
1.4107019869096635,4.691123090719411,3,0.0
5.366378744191034,2.5066684700842257,1,12.918277020562227
7.462631508417622,14.789614168923789,2,0.0037857423980750056
3.2516094755931886,7.927702259949214,2,0.006861594679479036
8.020458254858582,2.6101934683220733,4,0.323655023322098
6.32285708221709,11.315576767983222,2,0.004186627690933511
2.178309480496136,14.260747572130043,4,0.0
8.394401982241043,2.1335007638607872,1,19.655164531553197
8.741094469680327,2.6275945558557265,3,5.386535941542152
4.117156623730799,6.320096411963024,3,0.0036890064788817783
1.4153363400196164,2.551767698665638,3,0.0
8.601447596443116,5.731146772182791,3,0.019367489074789867
1.2385714350871622,11.946125803648085,1,0.01584370588183819
6.611197587587381,6.352131852903673,3,0.007906944482640182
6.110032877441206,8.186661609797738,1,0.22201314952898812
8.014475075670884,5.717964124746524,3,0.030371974784762203
7.789248401435591,8.065486145137038,5,0.0
3.5472886963513,9.096896253217217,3,0.0
5.304700979526438,7.1709610432376385,4,0.000714189655832895
3.3223549912851924,7.367429765274429,5,0.0
8.556281401288178,14.64148192044023,3,0.0007161420560331299
9.327565634022067,2.238696366375615,4,1.1723670110505713
7.742057253360326,5.658055617200038,3,0.01509122815068814
2.7836604026368734,2.0384522719142852,1,5.984152428194928
3.3268821714987658,5.266138672336519,2,0.031088448626297425
1.2029478485012386,11.956865273602153,3,0.0
6.995125985428306,3.67112834238944,4,0.0042739418354213864
1.2814617849085204,2.590868762179916,2,0.012084388671464833
1.4012035222762442,12.828204615946342,2,0.0005063477598203443
7.589050992401766,9.717083472657919,2,0.018811342558519944
6.051421173730927,12.887929832346709,5,0.0
6.729943584033631,12.599212953775467,1,0.04301596919349236
2.2130177128790316,6.650511403153676,1,0.042935597685233154
5.783446272845504,11.302046148576666,3,0.00011825872162777944
6.793087950614051,4.73271986728687,4,0.015346231073688267
3.3159705270521305,5.712484672458904,4,0.0
1.2803936424635871,6.854889375384751,5,0.0
4.3688106460930864,11.235629782341583,3,0.0
7.758846032410988,9.694533782093362,3,0.002204495757263188
8.009800032690212,11.000138415572765,2,0.013925159594762287
8.224149237280603,14.036226676081283,2,0.006886100508067434
4.830206091492508,5.106571242901529,1,0.8617405699667289
1.1183864332612758,12.316685898533024,2,0.0
5.092658047855483,10.592966818555917,5,0.0
4.427695361466018,12.055317385468348,3,4.854313653992185e-05
2.9989291758738617,2.1443934279780814,3,0.01643586439211524
3.6410480200359783,8.178524001547544,3,0.0008331160123648058
9.942531069480689,5.353435417268819,2,1.0579847627480052
2.269694972073098,2.655753284218311,5,0.0
1.1656830803199274,4.8482187804466985,2,0.0
6.195886554574125,9.543605579163549,5,0.0
5.7057512342104655,7.561236555379104,5,0.0
8.963832302895199,2.928979082087982,4,0.06427231235929076
9.378767340549432,2.1834280868838483,1,20.027742116313412
3.9529558427963667,3.572979595692555,2,0.08787948537380769
4.412579267310944,6.807107050901758,3,0.002151095051601234
4.740506142935295,10.7666520642089,3,0.0
3.6780120014842335,7.751560679366352,1,0.100838937047691
1.567875819069958,5.770031369108212,1,0.0195926221906798
8.61495069816511,14.583660856371864,3,7.804267623813179e-05
7.92907423570858,13.362143032258507,5,0.0
5.001641552099777,9.717771762782533,3,0.0012832281710477937
3.24443256432252,13.832023652640153,5,0.0
7.777539102644277,11.49740629615207,4,0.00023363913180243385
8.592202909287616,10.182362393682402,5,8.450396885889734e-05
5.22805375612217,10.93217982684169,4,0.0
6.009257670136102,8.227855903248024,2,0.007604352735903511
3.7724866200244302,4.299589311338901,4,0.0002062504682178014
4.643355559213489,10.603985736739324,2,0.0031057087129035365
2.9031356870262317,9.072057560997383,1,0.05837468533890815
4.569417486348203,12.001451625733349,4,0.0
3.1358210786352316,14.556789696372602,4,0.0
9.056972718059743,5.603472474715488,5,0.0029807975817763115
1.9504092911153423,5.659652267544102,2,0.01079004979674597
9.389954885694184,13.893792409252821,5,0.0
9.033728753115378,8.30696801438286,1,2.7252110279806643
9.011591509163296,8.679813373450035,3,0.0036854891069929676
2.935130630740914,8.89639142440575,4,0.0
2.851739957639153,2.7824812944180977,3,0.015554991589015188
3.958724896315109,9.477625917192498,5,0.0
2.1262573718066715,2.240647358212088,3,0.00048537779235636465
3.8406744867946667,11.188290472146196,3,0.0014059411096091737
7.31325672631363,4.770833683457654,3,0.0189465542886993
7.642706067652846,13.927036672130026,4,0.0
8.435788180182627,3.6900926278873767,4,0.04638839621732954
6.016284260579389,6.462342232645808,5,0.0008788109556207125
8.085931296760856,9.61977853981934,3,0.0029897515150227876
1.0851456459965945,14.982548095067814,4,0.0
2.4354620851606956,4.473955223621649,1,0.11334208186056595
9.916131779625688,14.923368149735253,3,0.0022741472616065444
6.524814300544485,2.8400826508120445,2,3.3671485802918824
1.9465875194689557,7.912885144601785,5,0.0
8.10762251400365,3.294944373272134,2,7.433040892064924
9.244230291456896,10.788377737089808,1,0.7272788725626381
1.8187698211764842,14.439732498634765,4,0.0
9.696839508861856,8.184179017690825,2,0.06745542731006823
5.218419740282379,2.3241629151982792,1,16.625830386023935
9.27418750228115,13.884688128257807,3,0.0004907560449547792
2.0308792614830695,8.109100980583253,5,0.0
4.897308576628178,2.975140920414077,3,0.10338028047148766
5.092543606157397,3.021386458094045,4,0.025668544923429754
5.185970934882362,8.945304245051728,3,0.0002761017687885659
3.989741311356718,13.734163150522189,5,0.0
5.191976357582519,13.951843368852613,4,0.0
3.54542758388024,5.096204465860936,4,0.0
7.620629303814696,6.904305589375537,3,0.01044118977313894
5.212502880177534,7.811337393235412,3,0.0019863998437316503
2.079138596985446,5.632190765044035,4,0.0
8.692916050146238,6.2699122844489015,5,0.000210045642625204
4.957559342159551,4.630167392490209,3,0.013984764234923588
5.483681198766665,10.382810126797473,4,0.0
9.77581677538495,9.866660167584309,3,0.004865536512754626
9.712977945326482,4.289926205996694,2,2.7221823800015787
1.4157688619027116,2.702376830835064,5,0.0
1.4658976774391639,10.415401834082303,5,0.0
1.8420387893290693,10.476721504210634,1,0.01894046072494621
7.495311126135877,14.341392664786474,4,0.00019861448319832657
3.031175160591154,8.016304312793647,1,0.08055132382438422
7.540998573409331,4.153184067178007,4,0.020698314171158944
7.83175403321606,13.404320713311808,4,0.0
7.682827169846036,14.410596234786146,2,0.003555423642870432
1.4939314254195177,13.460589971682122,4,0.0
3.942292600052861,7.264424240832484,5,0.0
2.2148101014796056,2.4635041694775963,2,0.056113016231605445
9.0539265012777,12.917325302332747,4,0.0002614091877561467
4.967344758036189,8.888930149183949,4,0.0
8.328327329943395,9.260143530887444,1,0.5044644793752462
3.9901482530905947,10.42441610936093,1,0.07982689128369681
4.61319071519252,13.146851958898198,1,0.0422312297276245
7.236233564286867,5.630588453136341,3,0.013875367499762087
1.6472349653240714,7.164216507175507,4,0.0
3.584410024556666,4.343662585466179,2,0.08749046353891408
7.503899968843768,11.346711026535015,1,0.12801024359332477
2.813715976879347,7.719156446622974,3,0.0
9.31250295254561,7.637323601517693,5,1.7870442963689136e-05
1.2246147664934526,4.222343107188906,5,0.0
3.1829639136294867,5.641530179858974,1,0.248741804427551
4.985219022942136,8.425506850751617,5,0.0
3.1574241759514616,2.696311980849643,1,4.887462078629128
2.890457607111576,2.8857290448102697,3,0.014565710091140443
7.252228697460344,2.791273660976699,5,0.021147372364826642
9.707914236871085,5.229766023811813,1,12.290811997940935
4.74395338789582,9.04872361109092,1,0.18876100173263757
8.077992374358605,3.808318970707909,2,1.557907201197175
3.6142904501932223,2.492216789309162,1,8.628121664483263
8.816612606023178,10.680372059982833,4,0.0
2.6683353688905633,3.3791655818911512,5,0.0
5.717554404601768,2.1084218881137526,4,0.22450312737413114
4.188787310663748,10.229622479514385,5,0.0
8.71469842404619,3.6520283805361498,3,0.17074476415763198
7.693593151614874,4.580380662569656,2,0.13046710577315673
7.199230388942734,4.398685772201825,1,9.65695183776221
2.7152869709652943,5.915393949622748,2,0.0025053715585159936
1.9713205807996879,3.786121654922084,3,0.0028223810919163145
4.020799648133929,13.985391820877583,1,0.019635912357623922
4.377037404284033,12.189159522574718,2,0.002591174723189494
6.967543541363994,8.393552217052507,1,0.37685332170644953
4.38455535651136,10.974236848154469,2,0.004146341501267361
6.721222083808468,11.310944031238796,4,0.00036127266717938156
3.072124415554199,13.950436229079642,1,0.014146148231364059
2.3368543167087097,7.287192730257543,2,0.0034948101025893898
6.936959149028052,8.425425775454709,1,0.5472985706010426
8.696414351752352,8.929124681211917,3,0.006322453459162814
3.897444761710381,11.006491870675864,2,0.0022356057968467035
6.191158827671261,7.624421686499921,2,0.02211452026590507
2.8459147070241553,9.09153816519711,2,0.0005857013510794657
3.3383710003811036,14.403088241717676,2,0.00020398064204180577
2.391589952540999,11.07646481912803,1,0.0674059924723932
4.777114333089256,5.2303627889915365,3,0.0019789725666618397
5.116739083355768,2.0506248962204525,3,0.6736974293191186
9.432441750149115,12.791679532426116,3,0.00037698496093673754
9.67338858727659,9.411576810612187,5,0.0006353722073773604
2.999672321483565,5.027868571926366,5,0.0
1.76389308743756,6.328515302189399,3,0.0
8.638306925532676,11.846712145508322,4,3.3263051715544124e-07
6.373435738040065,14.970009797472844,2,0.0015253172633840199
1.8119733446787256,14.516491434626586,3,0.0
6.4776748619229565,4.520453801501365,5,0.0011342144292391515
3.397763580050304,13.742997113185368,5,0.0
8.687421063699023,14.274881797598386,2,0.005282832785274844
3.1233603613823457,12.2272160270845,2,0.0011739733900382877
7.9600636787711245,11.920430702149094,5,0.0
8.35879863178358,12.822027958954871,3,0.001508810087568869
7.48182614887158,10.692085417766524,3,0.0006057599331509751
2.739462624576174,3.6729377093522366,2,0.023960256650389096
8.219755615313698,5.448082532189209,2,0.12027460617169912
2.6890214993207944,7.507618662220768,3,0.0002192547560651784
8.774244683610888,7.741671638320587,5,7.299291144466975e-05
4.209826635249092,14.236255241162857,4,0.0
3.855587196569434,12.005703427141412,4,0.0
2.401419244921268,2.419572510511866,5,0.0
7.986197973462185,9.038418173825377,1,0.4912160995679793
3.2223613014958596,6.867503038205983,5,0.0
2.5108742559747594,10.72815810095859,4,0.0
6.618463416251125,5.695210383118921,5,0.0
9.843988083750832,12.031630618622685,3,0.0019950212079365474
5.327409099821347,3.3400018488436833,3,0.19783191913361028
9.573160315604305,4.188715436848249,3,0.15894155409602928
1.0747321127116947,14.702025585610391,2,0.0
9.479254253793698,4.274841120130219,4,0.026400044714034912
6.61899620862338,6.202532882671081,4,0.0007115729929098056
7.614474012277213,4.18351022929432,5,0.001875284129723881
6.751157866605635,9.693607101389327,3,0.001278440485708753
7.569215436657433,7.460558743076129,1,2.9026975652984532
4.406231400364657,6.82429557560218,2,0.0135091303229465
8.01696707615065,6.241593393902705,4,0.0009880910023732181
2.0703821956752897,3.1994297977720274,1,0.5375339737716947
1.6630085801846528,7.309747630651813,2,0.002340677278833383
7.352800985380458,2.350533944753944,1,19.28608087964414
4.413233757782387,4.546034278622962,4,0.0017177277699255045
3.929787955716912,4.552366506980038,4,0.000994716443770786
8.014556899933691,8.28440458199719,4,0.0005247025651425929
7.4954334155621964,3.8403467642440483,4,0.016830327534666664
2.8213029703130568,13.530802823969204,3,0.0
1.0430510500056227,7.018946881894817,3,0.0
9.565533228982307,10.859333260522753,4,0.00028105899248610593
3.207213886389182,12.87593366442012,1,0.02223135826439841
6.548510792592245,8.50765065845893,1,0.14344203308207376
4.20374457783851,6.6972535369446256,2,0.016580980488343187
8.135323857879163,2.466031174222482,2,8.98026719276674
7.504833190319976,14.669756406863831,1,0.04215238239966366
5.730066759166547,11.666235852957032,2,0.006053223492234016
5.361119410772265,3.9835263692263436,4,0.0037940500915663758
4.220110317684034,3.471407503038919,3,0.011613300556505118
6.927618923851518,4.580233508206671,4,0.006071768872043848
6.504041079874575,12.813728708879285,4,0.0
